{
    "root_group": {
        "path": "",
        "id": "d41d8cd98f00b204e9800998ecf8427e",
        "groups": {},
        "checks": {},
        "name": ""
    },
    "metrics": {
        "http_req_duration": {
            "med": 139.2771555,
            "max": 151.610764,
            "p(90)": 145.7081068,
            "p(95)": 149.8271699,
            "avg": 106.09355108333332,
            "min": 0,
            "thresholds": {
                "p(95)<500": false
            }
        },
        "http_req_receiving": {
            "p(90)": 0.2764841,
            "p(95)": 0.30888604999999997,
            "avg": 0.1851479333333333,
            "min": 0,
            "med": 0.1431075,
            "max": 3.136264
        },
        "http_req_failed": {
            "passes": 60,
            "fails": 0,
            "value": 1
        },
        "http_req_sending": {
            "p(95)": 0.14492804999999995,
            "avg": 0.06146486666666665,
            "min": 0,
            "med": 0.059553,
            "max": 0.244013,
            "p(90)": 0.114106
        },
        "data_sent": {
            "count": 9845,
            "rate": 156.14526833682652
        },
        "http_req_waiting": {
            "avg": 105.84693828333334,
            "min": 0,
            "med": 138.97904,
            "max": 151.265546,
            "p(90)": 143.9818401,
            "p(95)": 149.5781369
        },
        "vus": {
            "max": 5,
            "value": 5,
            "min": 5
        },
        "data_received": {
            "count": 17730,
            "rate": 281.2042262683529
        },
        "http_req_tls_handshaking": {
            "p(95)": 0,
            "avg": 0,
            "min": 0,
            "med": 0,
            "max": 0,
            "p(90)": 0
        },
        "vus_max": {
            "value": 5,
            "min": 5,
            "max": 5
        },
        "http_req_blocked": {
            "avg": 102.48865844999997,
            "min": 0,
            "med": 136.487032,
            "max": 138.442359,
            "p(90)": 136.984289,
            "p(95)": 137.20057365
        },
        "http_req_connecting": {
            "avg": 102.42719531666668,
            "min": 0,
            "med": 136.42089,
            "max": 138.387256,
            "p(90)": 136.87054300000003,
            "p(95)": 137.15306665
        },
        "iteration_duration": {
            "min": 10395.005591,
            "med": 10553.063111,
            "max": 10563.673877,
            "p(90)": 10563.4357169,
            "p(95)": 10563.541188,
            "avg": 10506.946350333335
        },
        "http_reqs": {
            "count": 60,
            "rate": 0.951621747101025
        },
        "iterations": {
            "count": 30,
            "rate": 0.4758108735505125
        }
    }
}