{
    "root_group": {
        "name": "",
        "path": "",
        "id": "d41d8cd98f00b204e9800998ecf8427e",
        "groups": {},
        "checks": {}
    },
    "metrics": {
        "http_req_failed": {
            "fails": 0,
            "passes": 60,
            "value": 1
        },
        "iteration_duration": {
            "min": 10230.825817,
            "med": 10469.461423,
            "max": 10488.673603,
            "p(90)": 10484.8238961,
            "p(95)": 10486.42489395,
            "avg": 10403.752809533335
        },
        "http_req_duration": {
            "avg": 79.59975806666668,
            "min": 0,
            "med": 116.773223,
            "max": 132.853779,
            "p(90)": 121.3952338,
            "p(95)": 124.12461259999999,
            "thresholds": {
                "p(95)<500": false
            }
        },
        "http_req_tls_handshaking": {
            "p(95)": 0,
            "avg": 0,
            "min": 0,
            "med": 0,
            "max": 0,
            "p(90)": 0
        },
        "http_req_receiving": {
            "p(90)": 0.2014321,
            "p(95)": 0.2374930499999999,
            "avg": 0.09913448333333333,
            "min": 0,
            "med": 0.099701,
            "max": 0.393305
        },
        "vus": {
            "value": 5,
            "min": 5,
            "max": 5
        },
        "data_received": {
            "count": 15760,
            "rate": 252.31901494742633
        },
        "data_sent": {
            "count": 8340,
            "rate": 133.52414877294007
        },
        "http_req_connecting": {
            "avg": 78.17276921666667,
            "min": 0,
            "med": 114.822497,
            "max": 124.125703,
            "p(90)": 119.30342590000001,
            "p(95)": 120.1974985
        },
        "http_req_sending": {
            "max": 0.150402,
            "p(90)": 0.115022,
            "p(95)": 0.14415104999999998,
            "avg": 0.05534068333333334,
            "min": 0,
            "med": 0.059201000000000004
        },
        "vus_max": {
            "value": 5,
            "min": 5,
            "max": 5
        },
        "http_req_waiting": {
            "p(90)": 121.22896100000001,
            "p(95)": 123.92370465,
            "avg": 79.44528290000002,
            "min": 0,
            "med": 116.585571,
            "max": 132.679777
        },
        "iterations": {
            "count": 30,
            "rate": 0.480302693427842
        },
        "http_reqs": {
            "count": 60,
            "rate": 0.960605386855684
        },
        "http_req_blocked": {
            "avg": 78.22646993333333,
            "min": 0,
            "med": 114.8978985,
            "max": 124.225304,
            "p(90)": 119.3547459,
            "p(95)": 120.31241044999999
        }
    }
}