{
    "root_group": {
        "name": "",
        "path": "",
        "id": "d41d8cd98f00b204e9800998ecf8427e",
        "groups": {},
        "checks": {}
    },
    "metrics": {
        "http_req_connecting": {
            "max": 123.332542,
            "p(90)": 119.5020474,
            "p(95)": 122.163102,
            "avg": 78.11985215,
            "min": 0,
            "med": 114.5537465
        },
        "http_req_tls_handshaking": {
            "avg": 0,
            "min": 0,
            "med": 0,
            "max": 0,
            "p(90)": 0,
            "p(95)": 0
        },
        "http_req_duration": {
            "min": 0,
            "med": 116.77771000000001,
            "max": 128.289321,
            "p(90)": 123.3778839,
            "p(95)": 125.36301195,
            "avg": 80.00645955,
            "thresholds": {
                "p(95)<500": false
            }
        },
        "vus_max": {
            "value": 5,
            "min": 5,
            "max": 5
        },
        "data_received": {
            "count": 15760,
            "rate": 252.39836250572029
        },
        "http_req_blocked": {
            "avg": 78.15528879999997,
            "min": 0,
            "med": 114.6110465,
            "max": 123.407342,
            "p(90)": 119.5695274,
            "p(95)": 122.221112
        },
        "iterations": {
            "rate": 0.4804537357342391,
            "count": 30
        },
        "http_req_receiving": {
            "avg": 0.13759831666666666,
            "min": 0,
            "med": 0.1717,
            "max": 0.3944,
            "p(90)": 0.24433000000000002,
            "p(95)": 0.32733999999999996
        },
        "http_req_failed": {
            "passes": 60,
            "fails": 0,
            "value": 1
        },
        "data_sent": {
            "count": 8340,
            "rate": 133.56613853411847
        },
        "http_req_sending": {
            "avg": 0.03504329999999999,
            "min": 0,
            "med": 0.03315,
            "max": 0.1081,
            "p(90)": 0.07587,
            "p(95)": 0.08524999999999999
        },
        "http_req_waiting": {
            "avg": 79.83381793333332,
            "min": 0,
            "med": 116.54205999999999,
            "max": 128.081721,
            "p(90)": 123.1192739,
            "p(95)": 125.10523694999999
        },
        "vus": {
            "value": 5,
            "min": 5,
            "max": 5
        },
        "iteration_duration": {
            "p(95)": 10485.12001805,
            "avg": 10404.914487733333,
            "min": 10238.35347,
            "med": 10469.167136,
            "max": 10488.45435,
            "p(90)": 10481.645283
        },
        "http_reqs": {
            "count": 60,
            "rate": 0.9609074714684782
        }
    }
}