{
    "root_group": {
        "groups": {},
        "checks": {},
        "name": "",
        "path": "",
        "id": "d41d8cd98f00b204e9800998ecf8427e"
    },
    "metrics": {
        "http_req_duration": {
            "max": 132.138233,
            "p(90)": 124.6385119,
            "p(95)": 125.44772454999999,
            "avg": 80.50535276666666,
            "min": 0,
            "med": 119.21144,
            "thresholds": {
                "p(95)<500": false
            }
        },
        "http_req_receiving": {
            "avg": 0.08522906666666666,
            "min": 0,
            "med": 0.093001,
            "max": 0.231902,
            "p(90)": 0.179052,
            "p(95)": 0.2162951
        },
        "http_req_blocked": {
            "avg": 79.07023098333333,
            "min": 0,
            "med": 116.923102,
            "max": 123.872538,
            "p(90)": 119.9050561,
            "p(95)": 123.6254849
        },
        "iteration_duration": {
            "p(95)": 10491.22070785,
            "avg": 10408.873690633332,
            "min": 10236.33323,
            "med": 10472.285881,
            "max": 10496.668732,
            "p(90)": 10490.0843295
        },
        "http_req_connecting": {
            "p(95)": 123.46542794999999,
            "avg": 79.01390203333332,
            "min": 0,
            "med": 116.83925049999999,
            "max": 123.791737,
            "p(90)": 119.834935
        },
        "iterations": {
            "count": 30,
            "rate": 0.48016174479619356
        },
        "vus": {
            "max": 5,
            "value": 5,
            "min": 5
        },
        "http_req_sending": {
            "med": 0.0555505,
            "max": 0.161002,
            "p(90)": 0.094941,
            "p(95)": 0.12502605,
            "avg": 0.04882706666666667,
            "min": 0
        },
        "data_sent": {
            "count": 8340,
            "rate": 133.48496505334182
        },
        "http_req_tls_handshaking": {
            "med": 0,
            "max": 0,
            "p(90)": 0,
            "p(95)": 0,
            "avg": 0,
            "min": 0
        },
        "http_req_failed": {
            "fails": 0,
            "passes": 60,
            "value": 1
        },
        "http_req_waiting": {
            "avg": 80.37129663333332,
            "min": 0,
            "med": 118.99293850000001,
            "max": 131.926731,
            "p(90)": 124.51295809999999,
            "p(95)": 125.1221065
        },
        "vus_max": {
            "value": 5,
            "min": 5,
            "max": 5
        },
        "data_received": {
            "count": 15760,
            "rate": 252.24496993293369
        },
        "http_reqs": {
            "rate": 0.9603234895923871,
            "count": 60
        }
    }
}