{
    "root_group": {
        "path": "",
        "id": "d41d8cd98f00b204e9800998ecf8427e",
        "groups": {},
        "checks": {},
        "name": ""
    },
    "metrics": {
        "iterations": {
            "count": 30,
            "rate": 0.4763600602509452
        },
        "http_reqs": {
            "count": 60,
            "rate": 0.9527201205018904
        },
        "iteration_duration": {
            "max": 10566.999563,
            "p(90)": 10557.5537791,
            "p(95)": 10563.8058579,
            "avg": 10494.751104333332,
            "min": 10327.155011,
            "med": 10553.083872
        },
        "http_req_blocked": {
            "avg": 102.67504103333333,
            "min": 0,
            "med": 136.62229050000002,
            "max": 139.807147,
            "p(90)": 137.0750499,
            "p(95)": 137.3382436
        },
        "http_req_receiving": {
            "avg": 0.15162180000000003,
            "min": 0,
            "med": 0.09400649999999999,
            "max": 1.019969,
            "p(90)": 0.31649120000000003,
            "p(95)": 0.41172749999999964
        },
        "vus_max": {
            "value": 5,
            "min": 5,
            "max": 5
        },
        "http_req_waiting": {
            "avg": 105.08408001666668,
            "min": 0,
            "med": 138.435045,
            "max": 153.431008,
            "p(90)": 141.43167210000001,
            "p(95)": 143.79571334999997
        },
        "http_req_sending": {
            "avg": 0.06740958333333334,
            "min": 0,
            "med": 0.074305,
            "max": 0.215914,
            "p(90)": 0.12077810000000001,
            "p(95)": 0.13892904999999997
        },
        "http_req_duration": {
            "avg": 105.30311139999998,
            "min": 0,
            "med": 138.78801850000002,
            "max": 153.665424,
            "p(90)": 141.58071180000002,
            "p(95)": 144.11912569999998,
            "thresholds": {
                "p(95)<500": false
            }
        },
        "http_req_connecting": {
            "min": 0,
            "med": 136.545192,
            "max": 139.756744,
            "p(90)": 136.96372290000002,
            "p(95)": 137.18662289999997,
            "avg": 102.61125681666663
        },
        "http_req_tls_handshaking": {
            "p(90)": 0,
            "p(95)": 0,
            "avg": 0,
            "min": 0,
            "med": 0,
            "max": 0
        },
        "http_req_failed": {
            "passes": 60,
            "fails": 0,
            "value": 1
        },
        "data_received": {
            "count": 17730,
            "rate": 281.5287956083086
        },
        "vus": {
            "value": 5,
            "min": 5,
            "max": 5
        },
        "data_sent": {
            "count": 9800,
            "rate": 155.61095301530875
        }
    }
}