{
    "metrics": {
        "http_reqs": {
            "count": 60,
            "rate": 0.9601242605414823
        },
        "http_req_waiting": {
            "p(90)": 123.7822092,
            "p(95)": 124.55420409999999,
            "avg": 80.45207249999999,
            "min": 0,
            "med": 119.2692265,
            "max": 127.533958
        },
        "vus_max": {
            "value": 5,
            "min": 5,
            "max": 5
        },
        "data_received": {
            "count": 15760,
            "rate": 252.19263910222935
        },
        "http_req_tls_handshaking": {
            "p(95)": 0,
            "avg": 0,
            "min": 0,
            "med": 0,
            "max": 0,
            "p(90)": 0
        },
        "vus": {
            "value": 5,
            "min": 5,
            "max": 5
        },
        "http_req_blocked": {
            "avg": 79.1725284,
            "min": 0,
            "med": 118.162308,
            "max": 124.248647,
            "p(90)": 122.6357278,
            "p(95)": 122.9315755
        },
        "http_req_failed": {
            "passes": 60,
            "fails": 0,
            "value": 1
        },
        "http_req_duration": {
            "p(90)": 124.0074901,
            "p(95)": 124.81261414999999,
            "avg": 80.61818443333335,
            "min": 0,
            "med": 119.501227,
            "max": 127.695859,
            "thresholds": {
                "p(95)<500": false
            }
        },
        "http_req_sending": {
            "med": 0.033350000000000005,
            "max": 0.1068,
            "p(90)": 0.06957,
            "p(95)": 0.07730594999999998,
            "avg": 0.032350050000000005,
            "min": 0
        },
        "http_req_connecting": {
            "avg": 79.13774835,
            "min": 0,
            "med": 118.123058,
            "max": 124.210947,
            "p(90)": 122.5664978,
            "p(95)": 122.87997955
        },
        "http_req_receiving": {
            "p(95)": 0.285415,
            "avg": 0.13376188333333336,
            "min": 0,
            "med": 0.17585099999999998,
            "max": 0.4111,
            "p(90)": 0.2426001
        },
        "data_sent": {
            "count": 8340,
            "rate": 133.45727221526604
        },
        "iteration_duration": {
            "max": 10496.753048,
            "p(90)": 10489.6809909,
            "p(95)": 10489.888903899999,
            "avg": 10411.879038433332,
            "min": 10235.937962,
            "med": 10473.27065
        },
        "iterations": {
            "count": 30,
            "rate": 0.4800621302707411
        }
    },
    "root_group": {
        "name": "",
        "path": "",
        "id": "d41d8cd98f00b204e9800998ecf8427e",
        "groups": {},
        "checks": {}
    }
}