{
    "metrics": {
        "http_req_connecting": {
            "avg": 102.66966453333335,
            "min": 0,
            "med": 136.65486099999998,
            "max": 138.577093,
            "p(90)": 137.2129121,
            "p(95)": 137.4909611
        },
        "http_req_failed": {
            "passes": 60,
            "fails": 0,
            "value": 1
        },
        "iterations": {
            "count": 30,
            "rate": 0.4761247839541378
        },
        "http_reqs": {
            "count": 60,
            "rate": 0.9522495679082756
        },
        "iteration_duration": {
            "p(90)": 10559.9650201,
            "p(95)": 10566.04796475,
            "avg": 10499.677996000002,
            "min": 10355.657451,
            "med": 10552.7615785,
            "max": 10566.323473
        },
        "vus_max": {
            "value": 5,
            "min": 5,
            "max": 5
        },
        "http_req_receiving": {
            "p(95)": 0.3891780999999999,
            "avg": 0.14435663333333332,
            "min": 0,
            "med": 0.1211055,
            "max": 1.168653,
            "p(90)": 0.24760110000000002
        },
        "http_req_duration": {
            "avg": 105.37881241666666,
            "min": 0,
            "med": 138.69255850000002,
            "max": 154.750427,
            "p(90)": 143.0609677,
            "p(95)": 144.87095445,
            "thresholds": {
                "p(95)<500": false
            }
        },
        "vus": {
            "value": 3,
            "min": 3,
            "max": 5
        },
        "data_received": {
            "rate": 281.38974731689547,
            "count": 17730
        },
        "http_req_waiting": {
            "med": 138.291677,
            "max": 154.59292,
            "p(90)": 142.61052700000002,
            "p(95)": 144.66684055,
            "avg": 105.15968076666668,
            "min": 0
        },
        "http_req_blocked": {
            "p(90)": 137.3076627,
            "p(95)": 137.60863305,
            "avg": 102.73920265,
            "min": 0,
            "med": 136.71628149999998,
            "max": 138.665997
        },
        "http_req_sending": {
            "avg": 0.07477501666666667,
            "min": 0,
            "med": 0.063303,
            "max": 0.288213,
            "p(90)": 0.15080700000000002,
            "p(95)": 0.23293609999999987
        },
        "http_req_tls_handshaking": {
            "med": 0,
            "max": 0,
            "p(90)": 0,
            "p(95)": 0,
            "avg": 0,
            "min": 0
        },
        "data_sent": {
            "count": 9845,
            "rate": 156.24828326761622
        }
    },
    "root_group": {
        "groups": {},
        "checks": {},
        "name": "",
        "path": "",
        "id": "d41d8cd98f00b204e9800998ecf8427e"
    }
}